Index,Title,Brand,Category Path,Predicted Path,Response
0,"ASUS ZenFone ZB633KL-4A039EU 16 cm (6.3"") 4 GB 64 GB Dual SIM Black 4000 mAh",ASUS,Computers & Electronics>Telecom & Navigation>Smartphones,Computers & Electronics>Telecom & Navigation>Smartphones,"Based on the provided information, the classification path for the product ""ASUS ZenFone ZB633KL-4A039EU 16 cm (6.3"") 4 GB 64 GB Dual SIM Black 4000 mAh"" is as follows:

Computers & Electronics>Telecom & Navigation>Smartphones

Reasoning:
The product ""ASUS ZenFone ZB633KL-4A039EU 16 cm (6.3"") 4 GB 64 GB Dual SIM Black 4000 mAh"" is a smartphone manufactured by ASUS. It falls under the second-level category ""Telecom & Navigation"" because it is a device used for telecommunications and navigation purposes. Within the third-level category pool, the most appropriate category for this product is ""Smartphones"" since it specifically refers to mobile phones with advanced features, such as internet connectivity, touchscreen interface, and app functionality. Therefore, the hierarchical classification path for this product is ""Computers & Electronics>Telecom & Navigation>Smartphones""."
1,"HP Dock Connector to Ethernet/VGA Adapter 70-pin Proprietary VGA, RJ-45 Black",HP,Computers & Electronics>Computer Cables>Cable Interface/Gender Adapters,Computers & Electronics>Computer Cables>Cable Interface/Gender Adapters,"Based on the provided information, the classification path for the product ""HP Dock Connector to Ethernet/VGA Adapter 70-pin Proprietary VGA, RJ-45 Black"" would be:

Computers & Electronics>Computer Cables>Cable Interface/Gender Adapters

Reasoning: 

The first-level category is ""Computers & Electronics,"" which is the overarching category for all products. 

The second-level category that best fits the product is ""Computer Cables"" because the product is an adapter that connects a dock connector to Ethernet/VGA. 

Finally, the third-level category that accurately describes the product is ""Cable Interface/Gender Adapters"" because the product is specifically an adapter with a 70-pin proprietary VGA and RJ-45 connectors.

Therefore, the complete classification path is ""Computers & Electronics>Computer Cables>Cable Interface/Gender Adapters""."
2,ASUS Rog Gladius mouse USB Optical 6400 DPI Right-hand,ASUS,Computers & Electronics>Data Input Devices>Mice,Computers & Electronics>Data Input Devices>Mice,"Based on the provided information, the classification path for the product ""ASUS Rog Gladius mouse USB Optical 6400 DPI Right-hand"" is as follows:

Computers & Electronics>Data Input Devices>Mice

Reasoning:
- The first-level category ""Computers & Electronics"" is the overarching category that encompasses all types of computer and electronic products.
- The second-level category ""Data Input Devices"" is the appropriate category for products that are used to input data into a computer or electronic device.
- The third-level category ""Mice"" specifically refers to the type of data input device that the product ""ASUS Rog Gladius mouse USB Optical 6400 DPI Right-hand"" belongs to.

Therefore, the correct classification path is ""Computers & Electronics>Data Input Devices>Mice""."
3,ACT 15.00m Cat6a UTP networking cable 15 m U/UTP (UTP) Ivory,ACT,Computers & Electronics>Computer Cables>Networking Cables,Computers & Electronics>Computer Cables>Networking Cables,"Based on the provided information, the classification path for the product ""ACT 15.00m Cat6a UTP networking cable 15 m U/UTP (UTP) Ivory"" would be:

Computers & Electronics>Computer Cables>Networking Cables

Reasoning:
The product is a networking cable, specifically a Cat6a UTP networking cable, which indicates its use in computer networks. Therefore, it falls under the category of ""Computer Cables"" in the second-level category. Within the third-level category pool, the most appropriate category for this specific product is ""Networking Cables"" as it accurately describes the product's function and intended use."
4,"Kaspersky Lab Security f/Virtualization, 50-99u, 2Y Base license 2 year(s)",Kaspersky Lab,Computers & Electronics>Software>Antivirus Security Software,Computers & Electronics>Software>Antivirus Security Software,"The product ""Kaspersky Lab Security f/Virtualization, 50-99u, 2Y Base license 2 year(s)"" falls under the category of Software in the second-level category pool. From the third-level category pool, it can be further classified as Antivirus Security Software. 

Therefore, the hierarchical path for this product is: ""Computers & Electronics>Software>Antivirus Security Software""."
5,HP Pavilion 570-p075ng 7th gen Intel® Core™ i7 i7-7700 16 GB DDR4-SDRAM 1128 GB HDD+SSD Silver Mini Tower PC,HP,Computers & Electronics>Computers>PCs/Workstations,Computers & Electronics>Computers>PCs/Workstations,Computers & Electronics>Computers>PCs/Workstations
6,Area PRTA1980GLASS screen protector Clear screen protector Mobile phone/Smartphone Samsung 1 pc(s),Area,Computers & Electronics>Telecom & Navigation>Screen Protectors,Computers & Electronics>Data Input Devices>Screen Protectors,Computers & Electronics>Data Input Devices>Screen Protectors
7,Targus ASF154W9USZ screen protector LCD/Plasma 1 pc(s),Targus,Computers & Electronics>Telecom & Navigation>Screen Protectors,Computers & Electronics>TVs & Monitors>Screen Protectors,"The product ""Targus ASF154W9USZ screen protector LCD/Plasma 1 pc(s)"" falls under the second-level category ""TVs & Monitors"" and the third-level category ""Screen Protectors"". 

Reasoning: 
The product is a screen protector specifically designed for LCD/Plasma screens. Since it is intended to protect the screens of TVs and monitors, it belongs to the ""TVs & Monitors"" category. Within this category, the specific type of product is a ""Screen Protector"" as indicated by the product name. Therefore, the hierarchical path for this product is ""Computers & Electronics>TVs & Monitors>Screen Protectors""."
8,Acer 55.LQ201.005 flat panel spare part Mainboard,Acer,Computers & Electronics>TVs & Monitors>Flat Panel Spare Parts,Computers & Electronics>Computers>Flat Panel Spare Parts,"Based on the provided information, the classification path for the product ""Acer 55.LQ201.005 flat panel spare part Mainboard"" is as follows:

Computers & Electronics>Computers>Flat Panel Spare Parts

Reasoning: 

- The first-level category is ""Computers & Electronics"" as specified.
- The second-level category is ""Computers"" because the product is related to computer hardware.
- The third-level category is ""Flat Panel Spare Parts"" because the product is specifically a spare part for a flat panel, which falls under the broader category of computer hardware.

Therefore, the complete classification path is ""Computers & Electronics>Computers>Flat Panel Spare Parts""."
9,LG CCF-390 mobile phone case Folio White,LG,Computers & Electronics>Telecom & Navigation>Mobile Phone Cases,Computers & Electronics>Telecom & Navigation>Mobile Phone Cases,"Based on the provided information, the classification of the product ""LG CCF-390 mobile phone case Folio White"" would be as follows:

Computers & Electronics>Telecom & Navigation>Mobile Phone Cases

Reasoning:
The first-level category is ""Computers & Electronics,"" which encompasses a wide range of products related to computers and electronics. The second-level category that best fits the product is ""Telecom & Navigation"" since it specifically deals with products related to telecommunication and navigation devices. The third-level category that accurately describes the product is ""Mobile Phone Cases"" since the product is a case designed for a mobile phone."
10,"AOC E970SWNL LED display 47 cm (18.5"") WXGA Flat Black",AOC,Computers & Electronics>TVs & Monitors>Computer Monitors,Computers & Electronics>TVs & Monitors>Computer Monitors,Computers & Electronics>TVs & Monitors>Computer Monitors
11,"Lenovo Yoga 900 Green Hybrid (2-in-1) 33.8 cm (13.3"") 2560 x 1440 pixels Touchscreen 6th gen Intel® Core™ i5 i5-6200U 8 GB LPDDR3-SDRAM 256 GB SSD",Lenovo,Computers & Electronics>Computers>Notebooks,Computers & Electronics>Computers>Notebooks,"Computers & Electronics>Computers>Notebooks

Reasoning: The product ""Lenovo Yoga 900 Green Hybrid (2-in-1) 33.8 cm (13.3"") 2560 x 1440 pixels Touchscreen 6th gen Intel® Core™ i5 i5-6200U 8 GB LPDDR3-SDRAM 256 GB SSD"" is a laptop computer manufactured by Lenovo. It falls under the category of ""Computers"" in the second-level category pool. Within the ""Computers"" category, the specific type of computer is a ""Notebook"" as it is a portable device with a clamshell form factor. Therefore, the correct hierarchical path for this product is ""Computers & Electronics>Computers>Notebooks""."
12,"Samsung Galaxy SM-A405F 15 cm (5.9"") 4 GB 64 GB Dual SIM White 3100 mAh",Samsung,Computers & Electronics>Telecom & Navigation>Smartphones,Computers & Electronics>Telecom & Navigation>Smartphones,"Based on the provided information, the classification path for the product ""Samsung Galaxy SM-A405F 15 cm (5.9"") 4 GB 64 GB Dual SIM White 3100 mAh"" would be:

Computers & Electronics>Telecom & Navigation>Smartphones

Reasoning:
The product ""Samsung Galaxy SM-A405F 15 cm (5.9"") 4 GB 64 GB Dual SIM White 3100 mAh"" is a smartphone manufactured by Samsung. It falls under the second-level category ""Telecom & Navigation"" because it is a device used for telecommunications and navigation purposes. Within the ""Telecom & Navigation"" category, the third-level category ""Smartphones"" is the most appropriate classification for this product as it specifically refers to mobile devices with advanced features and capabilities, including the Samsung Galaxy SM-A405F."
13,"HP Pavilion 27-xa0009ns 68.6 cm (27"") 1920 x 1080 pixels 8th gen Intel® Core™ i3 i3-8100T 8 GB DDR4-SDRAM 256 GB SSD White All-in-One PC",HP,Computers & Electronics>Computers>All-in-One PCs/Workstations,Computers & Electronics>Computers>All-in-One PCs/Workstations,Computers & Electronics>Computers>All-in-One PCs/Workstations
14,Zyxel MES3500-10 L2 Gigabit Ethernet (10/100/1000) Black,Zyxel,Computers & Electronics>Networking>Network Switches,Computers & Electronics>Networking>Network Switches,"Based on the provided information, the classification path for the product ""Zyxel MES3500-10 L2 Gigabit Ethernet (10/100/1000) Black"" would be:

Computers & Electronics>Networking>Network Switches

Reasoning:

- The first-level category is ""Computers & Electronics,"" which is the overarching category for all products.
- Looking at the second-level category pool, the most suitable category for the product is ""Networking."" This is because the product is a network switch, which falls under the networking equipment category.
- Moving to the third-level category pool, the appropriate category for the product is ""Network Switches."" This is because the product is specifically a network switch, which is a type of networking device used to connect multiple devices within a network.

Therefore, the classification path for the product ""Zyxel MES3500-10 L2 Gigabit Ethernet (10/100/1000) Black"" is:

Computers & Electronics>Networking>Network Switches."
15,Cellularline BOOKESSENL735K mobile phone case Folio Black,Cellularline,Computers & Electronics>Telecom & Navigation>Mobile Phone Cases,Computers & Electronics>Telecom & Navigation>Mobile Phone Cases,"Based on the provided information, the classification path for the product ""Cellularline BOOKESSENL735K mobile phone case Folio Black"" would be:

Computers & Electronics>Telecom & Navigation>Mobile Phone Cases

Reasoning:

The product is a mobile phone case, which falls under the category of ""Telecom & Navigation"" as it is related to mobile phones. Within the ""Telecom & Navigation"" category, the specific type of product is a ""Mobile Phone Case"" as indicated by the product name. Therefore, the classification path for this product would be ""Computers & Electronics>Telecom & Navigation>Mobile Phone Cases""."
16,C2G Port Authority USB IEEE-1284 Parallel Printer Adapter Cable 6ft USB A Centronics 36,C2G,Computers & Electronics>Computer Cables>Cable Interface/Gender Adapters,Computers & Electronics>Computer Cables>Cable Interface/Gender Adapters,"Based on the provided information, the classification path for the product ""C2G Port Authority USB IEEE-1284 Parallel Printer Adapter Cable 6ft USB A Centronics 36"" would be:

Computers & Electronics>Computer Cables>Cable Interface/Gender Adapters

Reasoning:
The product ""C2G Port Authority USB IEEE-1284 Parallel Printer Adapter Cable 6ft USB A Centronics 36"" is a cable used for connecting a USB port to a parallel printer. It falls under the category of computer cables as it is specifically designed for computer connectivity. Within the computer cables category, the product can be classified as a ""Cable Interface/Gender Adapter"" because it serves the purpose of converting the USB interface to the Centronics 36 interface required by parallel printers."
17,Logitech Wireless Combo MK260 keyboard RF Wireless Black,Logitech,Computers & Electronics>Data Input Devices>Keyboards,Computers & Electronics>Data Input Devices>Keyboards,"Based on the provided information, the classification path for the product ""Logitech Wireless Combo MK260 keyboard RF Wireless Black"" would be:

Computers & Electronics>Data Input Devices>Keyboards

Reasoning:
The product is a keyboard, which falls under the Data Input Devices category. The Logitech Wireless Combo MK260 keyboard is specifically designed for computers and electronic devices, so it belongs to the Computers & Electronics category. Since the product is a keyboard, it can be classified under the Keyboards subcategory within the Data Input Devices category. Therefore, the correct classification path is ""Computers & Electronics>Data Input Devices>Keyboards""."
18,"Fujitsu KB521 keyboard USB QWERTY Bulgarian,English Grey",Fujitsu,Computers & Electronics>Data Input Devices>Keyboards,Computers & Electronics>Data Input Devices>Keyboards,"Based on the provided information, the classification for the product ""Fujitsu KB521 keyboard USB QWERTY Bulgarian,English Grey"" would be:

Computers & Electronics>Data Input Devices>Keyboards

The reasoning behind this classification is as follows:
- The first-level category is ""Computers & Electronics"" as specified.
- The second-level category is ""Data Input Devices"" because a keyboard is a device used for inputting data into a computer or electronic device.
- The third-level category is ""Keyboards"" because the product in question is specifically a keyboard.

Therefore, the hierarchical path for this product would be ""Computers & Electronics>Data Input Devices>Keyboards""."
19,Lenovo ThinkPad X1 Intel® Core™ M m7-6Y75 256 GB 4G Black,Lenovo,Computers & Electronics>Computers>Tablets,Computers & Electronics>Computers>Notebooks,"Based on the provided information, the classification path for the product ""Lenovo ThinkPad X1 Intel® Core™ M m7-6Y75 256 GB 4G Black"" would be:

Computers & Electronics>Computers>Notebooks

Reasoning:
The product ""Lenovo ThinkPad X1 Intel® Core™ M m7-6Y75 256 GB 4G Black"" is a laptop computer, specifically a notebook, from the brand Lenovo. Therefore, it falls under the second-level category ""Computers"" and the third-level category ""Notebooks."""
20,"Kaspersky Lab Internet Security Multi-Device 2016 1 year(s) German, French, Italian",Kaspersky Lab,Computers & Electronics>Software>Antivirus Security Software,Computers & Electronics>Software>Antivirus Security Software,"Based on the provided information, the classification path for the product ""Kaspersky Lab Internet Security Multi-Device 2016 1 year(s) German, French, Italian"" would be:

Computers & Electronics>Software>Antivirus Security Software

Reasoning:
The product ""Kaspersky Lab Internet Security Multi-Device 2016 1 year(s) German, French, Italian"" is a software product offered by Kaspersky Lab. It is specifically an antivirus security software, as indicated by the name ""Internet Security"" and the mention of ""German, French, Italian"" languages. Therefore, it falls under the second-level category ""Software"" and the third-level category ""Antivirus Security Software."""
21,"Targus TARTHZ44502EU tablet case 17.8 cm (7"") Folio Blue",Targus,Computers & Electronics>Computers>Tablet Cases,Computers & Electronics>Telecom & Navigation>Mobile Phone Cases,"Based on the provided information, the classification path for the product ""Targus TARTHZ44502EU tablet case 17.8 cm (7"") Folio Blue"" would be:

Computers & Electronics>Telecom & Navigation>Mobile Phone Cases

Reasoning:

The product is a tablet case specifically designed for a 17.8 cm (7"") tablet. Since tablets fall under the category of mobile devices, it is reasonable to classify this product under Telecom & Navigation. Within the Telecom & Navigation category, the most appropriate subcategory for a tablet case would be Mobile Phone Cases, as tablet cases are often included in this category alongside phone cases. Therefore, the product ""Targus TARTHZ44502EU tablet case 17.8 cm (7"") Folio Blue"" can be classified as Computers & Electronics>Telecom & Navigation>Mobile Phone Cases."
22,StarTech.com MSA Compliant QSFP+ Active Optical Cable - 7 m (23 ft),StarTech.com,Computers & Electronics>Computer Cables>Fibre Optic Cables,Computers & Electronics>Computer Cables>Fibre Optic Cables,Computers & Electronics>Computer Cables>Fibre Optic Cables
23,"Da-Lite 27971 projection screen 2.54 m (100"") 16:10",Da-Lite,Computers & Electronics>Projectors>Projection Screens,Computers & Electronics>TVs & Monitors>Projection Screens,"Based on the provided information, the classification for the product ""Da-Lite 27971 projection screen 2.54 m (100"") 16:10"" would be:

Computers & Electronics>TVs & Monitors>Projection Screens

Reasoning: The product ""Da-Lite 27971 projection screen 2.54 m (100"") 16:10"" belongs to the category of TVs & Monitors as it is a projection screen used for displaying visual content. Specifically, it falls under the subcategory of Projection Screens, as it is designed to be used as a screen for projecting images and videos."
24,Zyxel GS1524 Managed,Zyxel,Computers & Electronics>Networking>Network Switches,Computers & Electronics>Networking>Network Switches,"Based on the provided information, the classification path for the product ""Zyxel GS1524 Managed"" would be:

Computers & Electronics>Networking>Network Switches

Reasoning: 
The brand Zyxel is well-known for its networking products, and the product name ""Zyxel GS1524 Managed"" suggests that it is a managed network switch. Therefore, it falls under the second-level category ""Networking."" 

Within the third-level category pool, the most appropriate category for a managed network switch is ""Network Switches."" This category specifically refers to devices that connect multiple devices within a network and manage the flow of data between them. Hence, the third-level category for the product ""Zyxel GS1524 Managed"" is ""Network Switches."""
25,2-Power ALT29802A power adapter/inverter Indoor 65 W Black,2-Power,Computers & Electronics>Batteries & Power Supplies>Power Adapters & Inverters,Computers & Electronics>Batteries & Power Supplies>Power Adapters & Inverters,"Based on the information provided, the product ""2-Power ALT29802A power adapter/inverter Indoor 65 W Black"" can be classified as follows:

Computers & Electronics>Batteries & Power Supplies>Power Adapters & Inverters

Reasoning: 

The first-level category is ""Computers & Electronics."" From the second-level category pool, ""Batteries & Power Supplies"" is the most suitable category for this product. This is because the product is a power adapter/inverter, which falls under the power supply category. 

Moving to the third-level category, from the provided third-level category pool, ""Power Adapters & Inverters"" is the most appropriate category for this product. This is because the product is specifically a power adapter/inverter, which is used to provide power to electronic devices.

Therefore, the hierarchical path for the product ""2-Power ALT29802A power adapter/inverter Indoor 65 W Black"" is:

Computers & Electronics>Batteries & Power Supplies>Power Adapters & Inverters"
26,Lenovo ThinkCentre M78 Tower AMD A8 A8-5500B 10 GB DDR3-SDRAM 1000 GB HDD Black PC,Lenovo,Computers & Electronics>Computers>PCs/Workstations,Computers & Electronics>Computers>PCs/Workstations,"The product ""Lenovo ThinkCentre M78 Tower AMD A8 A8-5500B 10 GB DDR3-SDRAM 1000 GB HDD Black PC"" falls under the second-level category ""Computers"" and the third-level category ""PCs/Workstations"".

Reasoning:
Based on the provided information, the product is a tower PC manufactured by Lenovo. It is equipped with an AMD A8-5500B processor, 10 GB DDR3-SDRAM, and a 1000 GB HDD. These specifications indicate that it is a computer designed for general computing tasks. Considering the category options, ""Computers"" is the most appropriate second-level category as it encompasses a wide range of computer devices.

Moving to the third-level category, ""PCs/Workstations"" is the most suitable choice. This category specifically refers to personal computers and workstations, which aligns with the product description. It is important to note that although the product could also be classified as an ""All-in-One PC/Workstation"" since it is a tower PC, the provided third-level category pool does not include this option. Therefore, ""PCs/Workstations"" is the most appropriate choice from the available options.

Therefore, the hierarchical path for the specified product is: ""Computers & Electronics>Computers>PCs/Workstations""."
27,Allied Telesis AT-8624POE-10-V2-NCS5 software license/upgrade English,Allied Telesis,Computers & Electronics>Software>Software Licenses/Upgrades,Computers & Electronics>Networking>Software Licenses/Upgrades,"Computers & Electronics>Networking>Software Licenses/Upgrades

Reasoning:
Based on the product name ""Allied Telesis AT-8624POE-10-V2-NCS5 software license/upgrade English,"" it can be inferred that the product is related to software licenses or upgrades. The brand name ""Allied Telesis"" is associated with networking equipment, which suggests that the software license/upgrade is likely related to networking products. Therefore, the second-level category is ""Networking."" Among the provided third-level categories, ""Software Licenses/Upgrades"" is the most appropriate choice as it specifically refers to the type of product mentioned."
28,Eminent USB Charging set power adapter/inverter White,Eminent,Computers & Electronics>Batteries & Power Supplies>Power Adapters & Inverters,Computers & Electronics>Batteries & Power Supplies>Power Adapters & Inverters,"Based on the provided information, the classification path for the product ""Eminent USB Charging set power adapter/inverter White"" would be:

Computers & Electronics>Batteries & Power Supplies>Power Adapters & Inverters

Reasoning:
The product ""Eminent USB Charging set power adapter/inverter White"" is a power adapter/inverter, which falls under the category of ""Batteries & Power Supplies"" in the second-level pool. Within the third-level pool, the appropriate category for this product would be ""Power Adapters & Inverters"" since it specifically mentions a power adapter/inverter. Therefore, the complete classification path would be ""Computers & Electronics>Batteries & Power Supplies>Power Adapters & Inverters""."
29,"DELL E Series E2216HV LED display 54.6 cm (21.5"") Full HD Flat Matt Black",DELL,Computers & Electronics>TVs & Monitors>Computer Monitors,Computers & Electronics>TVs & Monitors>Computer Monitors,"Based on the provided information, the product ""DELL E Series E2216HV LED display 54.6 cm (21.5"") Full HD Flat Matt Black"" can be classified as follows:

Computers & Electronics>TVs & Monitors>Computer Monitors

Reasoning: The product is a computer monitor manufactured by DELL. It falls under the category of ""TVs & Monitors"" in the second-level category pool. Within this category, the specific type of product is a ""Computer Monitor,"" which corresponds to the ""Computer Monitors"" category in the third-level category pool."
30,"Samsung UE32F6805SB 81.3 cm (32"") Full HD 3D Smart TV Wi-Fi Black",Samsung,Computers & Electronics>TVs & Monitors>TVs,Computers & Electronics>TVs & Monitors>TVs,Computers & Electronics>TVs & Monitors>TVs
31,"Samsung LE-26R88BD TV 66 cm (26"") HD Black",Samsung,Computers & Electronics>TVs & Monitors>TVs,Computers & Electronics>TVs & Monitors>TVs,Computers & Electronics>TVs & Monitors>TVs
32,APC Smart-UPS 1500VA uninterruptible power supply (UPS) Line-Interactive 1440 VA 1000 W 6 AC outlet(s),APC,Computers & Electronics>Batteries & Power Supplies>Uninterruptible Power Supplies (UPSs),Computers & Electronics>Batteries & Power Supplies>Uninterruptible Power Supplies (UPSs),"The product ""APC Smart-UPS 1500VA uninterruptible power supply (UPS) Line-Interactive 1440 VA 1000 W 6 AC outlet(s)"" falls under the category of ""Batteries & Power Supplies"" in the second-level category. 

The reasoning behind this classification is that the product is an uninterruptible power supply (UPS) which falls under the category of power supplies. The brand APC is also known for its power supply products. 

For the third-level category, the product falls under the category of ""Uninterruptible Power Supplies (UPSs)"".

The reasoning behind this classification is that the product specifically mentions being a UPS in its name and description. 

Therefore, the hierarchical path for the specified product is ""Computers & Electronics>Batteries & Power Supplies>Uninterruptible Power Supplies (UPSs)""."
33,Lenovo 40AB0065EU data projector 150 ANSI lumens Portable projector Black,Lenovo,Computers & Electronics>Projectors>Data Projectors,Computers & Electronics>Projectors>Data Projectors,"Based on the provided information, the classification path for the Lenovo 40AB0065EU data projector would be:

Computers & Electronics>Projectors>Data Projectors

Reasoning:
- The first-level category ""Computers & Electronics"" is the overarching category that encompasses all products in this classification task.
- The second-level category ""Projectors"" is the most appropriate category for this product as it is specifically mentioned in the product name and description.
- The third-level category ""Data Projectors"" is the most suitable category within the ""Projectors"" category as the product is described as a data projector, which typically refers to projectors used for displaying data and presentations.

Therefore, the correct classification path for the Lenovo 40AB0065EU data projector is ""Computers & Electronics>Projectors>Data Projectors""."
34,ACT RL8802 fibre optic cable 2 m Yellow,ACT,Computers & Electronics>Computer Cables>Fibre Optic Cables,Computers & Electronics>Computer Cables>Fibre Optic Cables,"The product ""ACT RL8802 fibre optic cable 2 m Yellow"" can be classified as follows:

Reasoning:
- The product is a cable, specifically a fibre optic cable.
- It is 2 meters in length and yellow in color.
- The brand is ACT.

Based on this information, the classification path is:

Computers & Electronics>Computer Cables>Fibre Optic Cables"
35,HP H8B36A3#YZL warranty/support extension,HP,Computers & Electronics>Warranty & Support>Warranty & Support Extensions,Computers & Electronics>Warranty & Support>Warranty & Support Extensions,"Based on the provided information, the classification path for the product ""HP H8B36A3#YZL warranty/support extension"" would be:

Computers & Electronics>Warranty & Support>Warranty & Support Extensions

Reasoning:

The first-level category ""Computers & Electronics"" is the overarching category for all products.

The second-level category ""Warranty & Support"" is the most appropriate choice for the product as it is a warranty/support extension.

The third-level category ""Warranty & Support Extensions"" is the specific category that accurately describes the product, which is an extension for warranty and support services.

Therefore, the hierarchical path for the product would be:

Computers & Electronics>Warranty & Support>Warranty & Support Extensions"
36,"Symantec OS(DLP), RWL LIC, 5,000-9,9991Y",Symantec,Computers & Electronics>Software>Software Licenses/Upgrades,Computers & Electronics>Software>Software Licenses/Upgrades,"Computers & Electronics>Software>Software Licenses/Upgrades

Reasoning:
Based on the provided information, the product is ""Symantec OS(DLP), RWL LIC, 5,000-9,9991Y"" from the brand Symantec. The product name indicates that it is a software license or upgrade for Symantec's operating system with Data Loss Prevention (DLP) functionality. 

Considering the second-level category pool, ""Software"" seems to be the most suitable category for this product as it directly relates to software licenses and upgrades. 

Moving to the third-level category pool, ""Software Licenses/Upgrades"" is the most appropriate category for this product as it specifically refers to licenses and upgrades for software products. 

Therefore, the hierarchical path for this product is: Computers & Electronics>Software>Software Licenses/Upgrades."
37,Acer 55.LWTM1.012 flat panel spare part Mainboard,Acer,Computers & Electronics>TVs & Monitors>Flat Panel Spare Parts,Computers & Electronics>TVs & Monitors>Flat Panel Spare Parts,"The product ""Acer 55.LWTM1.012 flat panel spare part Mainboard"" belongs to the category of Computers & Electronics>TVs & Monitors>Flat Panel Spare Parts. 

The reasoning behind this classification is as follows:
- The first-level category is ""Computers & Electronics"" as specified.
- Based on the product name, ""Acer 55.LWTM1.012 flat panel spare part Mainboard,"" it is clear that the product is related to TVs & Monitors.
- The second-level category ""TVs & Monitors"" is the most appropriate choice as it encompasses products related to televisions and computer monitors.
- Finally, the third-level category ""Flat Panel Spare Parts"" is selected because the product in question is a spare part for a flat panel, specifically the mainboard.

Therefore, the hierarchical path for the specified product is ""Computers & Electronics>TVs & Monitors>Flat Panel Spare Parts""."
38,NEC UM330W data projector 3300 ANSI lumens LCD WXGA (1280x800) White,NEC,Computers & Electronics>Projectors>Data Projectors,Computers & Electronics>Projectors>Data Projectors,"Based on the provided information, the classification for the product ""NEC UM330W data projector 3300 ANSI lumens LCD WXGA (1280x800) White"" is as follows:

Computers & Electronics>Projectors>Data Projectors

Reasoning: The product is a data projector manufactured by NEC. Based on its name and description, it falls under the category of projectors. Specifically, it is a data projector that is used to display data or images from a computer onto a screen or surface. Therefore, the second-level category is ""Projectors"" and the third-level category is ""Data Projectors."""
39,D-Link DGS-1210-52MP-LW warranty/support extension,D-Link,Computers & Electronics>Warranty & Support>Warranty & Support Extensions,Computers & Electronics>Networking>Warranty & Support Extensions,"Computers & Electronics>Networking>Warranty & Support Extensions

Reasoning: The product ""D-Link DGS-1210-52MP-LW warranty/support extension"" is a warranty/support extension for a networking product, specifically the D-Link DGS-1210-52MP-LW. Therefore, it falls under the second-level category ""Networking."" Within the third-level category pool, the most appropriate category for this product is ""Warranty & Support Extensions"" as it specifically extends the warranty and support for the networking product."
40,"Bigben Interactive BC106622 20.3 cm (8"") Shell case Red",Bigben Interactive,Computers & Electronics>Computers>Tablet Cases,Computers & Electronics>Computers>Tablets,"Based on the product description provided, the classification path for the specified product is as follows:

Computers & Electronics>Computers>Tablets

Reasoning: 

The product ""Bigben Interactive BC106622 20.3 cm (8"") Shell case Red"" is a shell case specifically designed for a tablet. The brand ""Bigben Interactive"" is known for producing accessories for electronic devices, including tablets. Therefore, based on the attributes and intended use of the product, it can be categorized under the second-level category ""Computers"" and the third-level category ""Tablets""."
41,Targus AMW064US mouse RF Wireless Laser 1200 DPI,Targus,Computers & Electronics>Data Input Devices>Mice,Computers & Electronics>Data Input Devices>Mice,"Based on the provided information, the product ""Targus AMW064US mouse RF Wireless Laser 1200 DPI"" can be classified as follows:

Computers & Electronics>Data Input Devices>Mice

Reasoning: 
The product is a mouse, which falls under the category of data input devices. Within the data input devices category, the specific type of device is a mouse. Therefore, the hierarchical path for this product is ""Computers & Electronics>Data Input Devices>Mice""."
42,"C2G 2m, AU1-10P - C13 IEC power cable Black C13 coupler",C2G,Computers & Electronics>Computer Cables>Power Cables,Computers & Electronics>Computer Cables>Power Cables,"Based on the provided information, the product ""C2G 2m, AU1-10P - C13 IEC power cable Black C13 coupler"" can be classified as follows:

Computers & Electronics>Computer Cables>Power Cables"
43,Acer Iconia W1-810-11UC Intel® Atom™ Z3735G 32 GB White,Acer,Computers & Electronics>Computers>Tablets,Computers & Electronics>Computers>Tablets,"Based on the provided information, the classification path for the product ""Acer Iconia W1-810-11UC Intel® Atom™ Z3735G 32 GB White"" is as follows:

Computers & Electronics>Computers>Tablets

Reasoning:
The product ""Acer Iconia W1-810-11UC Intel® Atom™ Z3735G 32 GB White"" is a tablet manufactured by Acer. Since it falls under the broader category of computers, it can be classified under the second-level category ""Computers."" Within the ""Computers"" category, the specific type of product is a tablet, so it can be further classified under the third-level category ""Tablets.""

Hence, the classification path for the given product is ""Computers & Electronics>Computers>Tablets""."
44,"Projecta Tensioned Descender Electrol, High Contrast Cinema Vision Sound projection screen 2.93 m (115.4"")",Projecta,Computers & Electronics>Projectors>Projection Screens,Computers & Electronics>Projectors>Projection Screens,"Based on the provided information, the product ""Projecta Tensioned Descender Electrol, High Contrast Cinema Vision Sound projection screen 2.93 m (115.4"")"" falls under the following category path:

Computers & Electronics>Projectors>Projection Screens"
45,APC Smart-UPS RT 1500VA Rack Tower 120V uninterruptible power supply (UPS) 1050 W,APC,Computers & Electronics>Batteries & Power Supplies>Uninterruptible Power Supplies (UPSs),Computers & Electronics>Batteries & Power Supplies>Uninterruptible Power Supplies (UPSs),"The APC Smart-UPS RT 1500VA Rack Tower 120V uninterruptible power supply (UPS) 1050 W from the brand APC can be classified as follows:

Reasoning:
- The product is a power supply device, specifically an uninterruptible power supply (UPS), which falls under the category of Batteries & Power Supplies.
- The product is designed to be mounted in a rack or used as a tower, indicating that it is suitable for use with server equipment or other rack-mounted devices.
- The product has a power capacity of 1500VA and 1050W, indicating that it is capable of providing a significant amount of power backup.
- Given these attributes and intended use, the most appropriate second-level category for this product is Batteries & Power Supplies.
- Within the Batteries & Power Supplies category, the most suitable third-level category for this product is Uninterruptible Power Supplies (UPSs), as it specifically describes the type of power supply device being classified.

Therefore, the hierarchical path for the specified product is:
Computers & Electronics>Batteries & Power Supplies>Uninterruptible Power Supplies (UPSs)"
46,C2G 2ft Computer 18 AWG Power Cord Extension power cable Black 0.60 m C14 coupler,C2G,Computers & Electronics>Computer Cables>Power Cables,Computers & Electronics>Computer Cables>Power Cables,"Computers & Electronics>Computer Cables>Power Cables

Reasoning: The product ""C2G 2ft Computer 18 AWG Power Cord Extension power cable Black 0.60 m C14 coupler"" is a power cable used for computers. Therefore, it falls under the category of ""Power Cables"" in the second-level category of ""Computer Cables."""
47,Skylane Optics DAPQSM014000297 networking cable 1 m Black,Skylane Optics,Computers & Electronics>Computer Cables>Networking Cables,Computers & Electronics>Computer Cables>Networking Cables,Computers & Electronics>Computer Cables>Networking Cables
48,"ASUS A A4310-B002C 50.8 cm (20"") 1600 x 900 pixels Intel® Celeron® G G1840T 4 GB DDR3L-SDRAM 500 GB HDD Black All-in-One PC",ASUS,Computers & Electronics>Computers>All-in-One PCs/Workstations,Computers & Electronics>Computers>PCs/Workstations,Computers & Electronics>Computers>PCs/Workstations
49,"Acer TravelMate P2 P249-M-35LD Black Notebook 35.6 cm (14"") 1366 x 768 pixels 6th gen Intel® Core™ i3 i3-6006U 4 GB DDR4-SDRAM 500 GB HDD",Acer,Computers & Electronics>Computers>Notebooks,Computers & Electronics>Computers>Notebooks,"Computers & Electronics>Computers>Notebooks

Reasoning: The product description mentions ""Acer TravelMate P2 P249-M-35LD Black Notebook."" This indicates that the product belongs to the category of notebooks, which falls under the second-level category of ""Computers."" Therefore, the hierarchical path for this product is ""Computers & Electronics>Computers>Notebooks""."
50,3M Vikuiti DQCM30 Matte screen protector LCD/Plasma HKC 1 pc(s),3M,Computers & Electronics>Telecom & Navigation>Screen Protectors,Computers & Electronics>TVs & Monitors>Screen Protectors,"Computers & Electronics>TVs & Monitors>Screen Protectors

Reasoning: The product ""3M Vikuiti DQCM30 Matte screen protector LCD/Plasma HKC 1 pc(s)"" falls under the category of screen protectors, which are accessories designed to protect the screens of electronic devices such as LCDs and Plasmas. As such, it fits under the second-level category of TVs & Monitors, specifically under the third-level category of Screen Protectors."
51,ASUS W3000 keyboard RF Wireless QWERTY English Black,ASUS,Computers & Electronics>Data Input Devices>Keyboards,Computers & Electronics>Data Input Devices>Keyboards,"Computers & Electronics>Data Input Devices>Keyboards

Reasoning: The product ""ASUS W3000 keyboard RF Wireless QWERTY English Black"" falls under the category of Data Input Devices, which encompasses devices used to input data into computers or electronic devices. Within the Data Input Devices category, the specific product belongs to the Keyboards subcategory, as it is a wireless QWERTY keyboard manufactured by ASUS."
52,Eaton 93PS-8(40)-15-0-MBS-6 uninterruptible power supply (UPS) Double-conversion (Online) 8000 VA 8000 W,Eaton,Computers & Electronics>Batteries & Power Supplies>Uninterruptible Power Supplies (UPSs),Computers & Electronics>Batteries & Power Supplies>Uninterruptible Power Supplies (UPSs),"Computers & Electronics>Batteries & Power Supplies>Uninterruptible Power Supplies (UPSs) 

Reasoning: The product in question is an uninterruptible power supply (UPS) manufactured by Eaton. Based on its main function of providing continuous power supply in case of outages, it falls under the category of Batteries & Power Supplies at the second level. Within this category, the specific type of product is an Uninterruptible Power Supply (UPS) at the third level, as it serves the purpose of ensuring uninterrupted power to connected devices."
53,"ASUS VP228TE computer monitor 54.6 cm (21.5"") Full HD Flat Matt Black",ASUS,Computers & Electronics>TVs & Monitors>Computer Monitors,Computers & Electronics>TVs & Monitors>Computer Monitors,"Computers & Electronics>TVs & Monitors>Computer Monitors

Reasoning: The product ""ASUS VP228TE computer monitor 54.6 cm (21.5"") Full HD Flat Matt Black"" falls under the second-level category ""TVs & Monitors"" as it is a computer monitor designed for displaying visual content. Within the ""TVs & Monitors"" category, the most suitable third-level category for this product is ""Computer Monitors"" since the product is specifically a computer monitor by ASUS."
54,"Lenovo ThinkCentre E73z 50.8 cm (20"") 1600 x 900 pixels 4th gen Intel® Core™ i7 i7-4790S 4 GB DDR3-SDRAM 1000 GB HDD Black All-in-One PC",Lenovo,Computers & Electronics>Computers>All-in-One PCs/Workstations,Computers & Electronics>Computers>All-in-One PCs/Workstations,Computers & Electronics>Computers>All-in-One PCs/Workstations
55,CHERRY MX BOARD 1.0 BACKLIGHT keyboard USB QWERTZ German Black,CHERRY,Computers & Electronics>Data Input Devices>Keyboards,Computers & Electronics>Data Input Devices>Keyboards,"Computers & Electronics>Data Input Devices>Keyboards

Reasoning: The product ""CHERRY MX BOARD 1.0 BACKLIGHT keyboard USB QWERTZ German Black"" falls under the category of Data Input Devices, which is a second-level category. Within Data Input Devices, the specific type of product is a keyboard, which belongs to the third-level category of Keyboards. The product is a keyboard designed by CHERRY, featuring backlighting, a QWERTZ German layout, and a black color."
56,"LevelOne 5-Port Fast Ethernet PoE Switch, 802.3af PoE, 4 PoE Outputs, 61.6W",LevelOne,Computers & Electronics>Networking>Network Switches,Computers & Electronics>Networking>Network Switches,"Computers & Electronics>Networking>Network Switches

Reasoning: The product ""LevelOne 5-Port Fast Ethernet PoE Switch, 802.3af PoE, 4 PoE Outputs, 61.6W"" is a networking device specifically a network switch. It falls under the ""Networking"" category in the second-level pool. Within the ""Networking"" category, the most suitable third-level category for this product is ""Network Switches"" as it accurately describes the product's functionality and purpose."
57,"Samsung UE43M55800AU 109.2 cm (43"") Full HD Smart TV Wi-Fi White",Samsung,Computers & Electronics>TVs & Monitors>TVs,Computers & Electronics>TVs & Monitors>TVs,"The product ""Samsung UE43M55800AU 109.2 cm (43"") Full HD Smart TV Wi-Fi White"" falls under the following category path:

Computers & Electronics>TVs & Monitors>TVs

Reasoning: The product in question is a Samsung Smart TV, which clearly belongs to the 'TVs' category under 'TVs & Monitors' in the provided hierarchy. As it is explicitly mentioned as a TV with specific features like Full HD, Smart TV capabilities, and Wi-Fi connectivity, it aligns perfectly with the 'TVs' category.

Therefore, the correct classification path is: Computers & Electronics>TVs & Monitors>TVs"
58,ASUS Transformer Pad TF103C-1B010A Intel® Atom™ Z3745 16 GB White,ASUS,Computers & Electronics>Computers>Tablets,Computers & Electronics>Computers>Tablets,"Computers & Electronics>Computers>Tablets

Reasoning: The product ""ASUS Transformer Pad TF103C-1B010A Intel® Atom™ Z3745 16 GB White"" belongs to the category of tablets. It is a portable computing device with a touch screen interface, designed for tasks like web browsing, media consumption, and light productivity. Therefore, it fits best under the Tablets category in the Computers & Electronics hierarchy."
59,Cellularline SPEFGTAB4101 screen protector Tablet Samsung 1 pc(s),Cellularline,Computers & Electronics>Telecom & Navigation>Screen Protectors,Computers & Electronics>Telecom & Navigation>Tablet Cases,"Computers & Electronics>Telecom & Navigation>Tablet Cases

Reasoning: The product ""Cellularline SPEFGTAB4101 screen protector Tablet Samsung 1 pc(s)"" falls under the second-level category ""Telecom & Navigation"" as it is related to protecting a tablet device. Within the third-level category options, the most suitable classification is ""Tablet Cases"" since the product is a screen protector designed specifically for tablets, which falls under the category of cases for tablets."
60,"Lenovo IdeaCentre 520 60.5 cm (23.8"") 1920 x 1080 pixels 8th gen Intel® Core™ i5 i5-8400T 8 GB DDR4-SDRAM 1512 GB HDD+SSD Silver All-in-One PC",Lenovo,Computers & Electronics>Computers>All-in-One PCs/Workstations,Computers & Electronics>Computers>All-in-One PCs/Workstations,Computers & Electronics>Computers>All-in-One PCs/Workstations
61,"Da-Lite 20849LS projection screen 3.12 m (123"") 16:10",Da-Lite,Computers & Electronics>Projectors>Projection Screens,Computers & Electronics>Projectors>Projection Screens,"Computers & Electronics>Projectors>Projection Screens

Reasoning:
The product in question, the Da-Lite 20849LS projection screen, falls under the category of Projectors in the second-level category pool. Within the Projectors category, the specific type of product is a Projection Screen, which is included in the third-level category pool. Projection screens are used in conjunction with projectors to display images or videos, making this classification appropriate based on the product's attributes and intended use."
62,C2G 3m LC/ST Plenum-Rated Duplex 50/125 Multimode Fiber Patch Cable fibre optic cable Blue,C2G,Computers & Electronics>Computer Cables>Fibre Optic Cables,Computers & Electronics>Computer Cables>Fibre Optic Cables,"Computers & Electronics>Computer Cables>Fibre Optic Cables

Reasoning: The product ""C2G 3m LC/ST Plenum-Rated Duplex 50/125 Multimode Fiber Patch Cable fibre optic cable Blue"" falls under the ""Computer Cables"" category as it is a specific type of cable used for connecting network devices. Within the ""Computer Cables"" category, the product fits best under ""Fibre Optic Cables"" since it is a fiber optic patch cable designed for high-speed data transmission over short distances."
63,"ACT RL2308 fibre optic cable 80 m OS2 4x LC Yellow,Multicolour",ACT,Computers & Electronics>Computer Cables>Fibre Optic Cables,Computers & Electronics>Computer Cables>Fibre Optic Cables,"Computers & Electronics>Computer Cables>Fibre Optic Cables

Reasoning: The product ""ACT RL2308 fibre optic cable 80 m OS2 4x LC Yellow,Multicolour"" falls under the second-level category ""Computer Cables"" as it is a type of cable used in computer networking and data transmission. Within the third-level category pool, the most appropriate category for this product is ""Fibre Optic Cables"" since it specifically mentions being a fibre optic cable in the product description."
64,"C2G 6ft, IEC320C20/IEC320C19 power cable Blue 1.8 m C20 coupler C19 coupler",C2G,Computers & Electronics>Computer Cables>Power Cables,Computers & Electronics>Computer Cables>Power Cables,"Computers & Electronics>Computer Cables>Power Cables

Reasoning: The product ""C2G 6ft, IEC320C20/IEC320C19 power cable Blue 1.8 m C20 coupler C19 coupler"" falls under the category of Computer Cables as it is a power cable used to connect devices requiring power, such as computers, monitors, or other electronics. Within Computer Cables, the specific type of cable is a Power Cable, which is designed to provide power from a C20 coupler to a C19 coupler."
65,"Philips Brilliance 272P4APJKEB/27 LED display 68.6 cm (27"") Wide Quad HD Black,Silver",Philips,Computers & Electronics>TVs & Monitors>Computer Monitors,Computers & Electronics>TVs & Monitors>Computer Monitors,"Computers & Electronics>TVs & Monitors>Computer Monitors

Reasoning: The product ""Philips Brilliance 272P4APJKEB/27 LED display 68.6 cm (27"") Wide Quad HD Black, Silver"" falls under the category of monitors specifically designed for computer use. Therefore, it fits under the second-level category ""TVs & Monitors"" and the third-level category ""Computer Monitors"" within this hierarchy."
66,2-Power ALT29873A power adapter/inverter Indoor 65 W Black,2-Power,Computers & Electronics>Batteries & Power Supplies>Power Adapters & Inverters,Computers & Electronics>Batteries & Power Supplies>Power Adapters & Inverters,"Computers & Electronics>Batteries & Power Supplies>Power Adapters & Inverters

Reasoning: The product ""2-Power ALT29873A power adapter/inverter Indoor 65 W Black"" falls under the second-level category of ""Batteries & Power Supplies"" as it is a power adapter. Within the third-level category pool, the most appropriate category for this product is ""Power Adapters & Inverters"" since it specifically mentions a power adapter/inverter in its description."
67,ESET Antivirus for Home 3 User 3 license(s) 1 year(s),ESET,Computers & Electronics>Software>Antivirus Security Software,Computers & Electronics>Software>Antivirus Security Software,"Computers & Electronics>Software>Antivirus Security Software

Reasoning: The product ""ESET Antivirus for Home 3 User 3 license(s) 1 year(s)"" falls under the category of software, specifically antivirus security software. This type of product is designed to protect electronic devices from malicious software and online threats, making it a suitable fit for the ""Antivirus Security Software"" category under the ""Software"" second-level category."
68,"Lenovo IdeaPad U31-70 Black,Red Notebook 33.8 cm (13.3"") 1366 x 768 pixels 5th gen Intel® Core™ i5 i5-5200U 4 GB DDR3L-SDRAM 500 GB Hybrid-HDD",Lenovo,Computers & Electronics>Computers>Notebooks,Computers & Electronics>Computers>Notebooks,"Computers & Electronics>Computers>Notebooks

Reasoning: The product ""Lenovo IdeaPad U31-70 Black, Red Notebook"" falls under the category of Computers in the second-level category pool. Within the Computers category, the specific type of product is a Notebook, which is a portable personal computer suitable for various tasks such as work, study, and entertainment. Therefore, the most appropriate classification for this product is under the second-level category Computers and the third-level category Notebooks."
69,"Samsung UE32ES6570 81.3 cm (32"") Full HD 3D Smart TV Wi-Fi Black",Samsung,Computers & Electronics>TVs & Monitors>TVs,Computers & Electronics>TVs & Monitors>TVs,"Computers & Electronics>TVs & Monitors>TVs

Reasoning: The product ""Samsung UE32ES6570 81.3 cm (32"") Full HD 3D Smart TV Wi-Fi Black"" falls under the second-level category ""TVs & Monitors"" as it is a television set. Within the third-level category options, the most appropriate classification is ""TVs"" since the product is specifically a TV."
70,Da-Lite Designer Contour Electrol w/Integrated Infrared Remote projection screen 1:1,Da-Lite,Computers & Electronics>Projectors>Projection Screens,Computers & Electronics>Projectors>Projection Screens,"Computers & Electronics>Projectors>Projection Screens

Reasoning: The product ""Da-Lite Designer Contour Electrol w/Integrated Infrared Remote projection screen 1:1"" falls under the second-level category ""Projectors"" as it is a type of projection screen used in conjunction with projectors. Within the third-level category options provided, the most suitable category for this product is ""Projection Screens"" since it specifically describes the product's function and purpose."
71,NEC UM280Wi (eBeam) data projector 2800 ANSI lumens LCD WXGA (1280x800) Desktop projector White,NEC,Computers & Electronics>Projectors>Data Projectors,Computers & Electronics>Projectors>Data Projectors,"Computers & Electronics>Projectors>Data Projectors

Reasoning: The product ""NEC UM280Wi (eBeam) data projector 2800 ANSI lumens LCD WXGA (1280x800) Desktop projector White"" falls under the category of Projectors at the second level. Within the Projectors category, the specific type of product is a Data Projector, as indicated by its description. This classification is based on the product being a projector specifically designed for displaying data, presentations, and images, which aligns with the characteristics of a data projector."
72,HP ProDesk 400 G4 7th gen Intel® Core™ i3 i3-7100 8 GB DDR4-SDRAM 256 GB SSD Black Micro Tower PC,HP,Computers & Electronics>Computers>PCs/Workstations,Computers & Electronics>Computers>PCs/Workstations,"Computers & Electronics>Computers>PCs/Workstations

Reasoning: The product ""HP ProDesk 400 G4 7th gen Intel® Core™ i3 i3-7100 8 GB DDR4-SDRAM 256 GB SSD Black Micro Tower PC"" falls under the category of Computers. Within the Computers category, it specifically belongs to the subcategory of PCs/Workstations, as it is a desktop computer designed for business use with specifications suitable for office tasks."
73,"Samsung Galaxy S10+ SM-G975F 16.3 cm (6.4"") 8 GB 512 GB Black 4100 mAh",Samsung,Computers & Electronics>Telecom & Navigation>Smartphones,Computers & Electronics>Telecom & Navigation>Mobile Phone Cases,"Given the product ""Samsung Galaxy S10+ SM-G975F 16.3 cm (6.4"") 8 GB 512 GB Black 4100 mAh"" of the brand Samsung, it falls under the category of Smartphones in the second-level category, and specifically under the category of Mobile Phone Cases in the third-level category.

Reasoning: The product description ""Samsung Galaxy S10+ SM-G975F 16.3 cm (6.4"") 8 GB 512 GB Black 4100 mAh"" clearly indicates that it is a smartphone manufactured by Samsung. Therefore, it fits under the Smartphones category in the second-level hierarchy. Additionally, the mention of ""Mobile Phone Cases"" in the third-level pool is the most relevant category for accessories related to smartphones like the Samsung Galaxy S10+.

Computers & Electronics>Telecom & Navigation>Mobile Phone Cases"
74,ESET Endpoint Antivirus Mac OS User 500 - 999 500 - 999 license(s) 3 year(s),ESET,Computers & Electronics>Software>Antivirus Security Software,Computers & Electronics>Software>Antivirus Security Software,"Computers & Electronics>Software>Antivirus Security Software

Reasoning: The product ""ESET Endpoint Antivirus Mac OS User 500 - 999 500 - 999 license(s) 3 year(s)"" falls under the ""Software"" category in the second level, as it is an antivirus software product. Within the third level categories, the most suitable classification for this product is ""Antivirus Security Software"" since it specifically mentions an antivirus product designed for Mac OS users with a specific number of licenses and duration."
75,Netgear ProSafe™ 24 Port Gigabit Rackmount Switch with 2 SFP slots,Netgear,Computers & Electronics>Networking>Network Switches,Computers & Electronics>Networking>Network Switches,"Computers & Electronics>Networking>Network Switches

**Reasoning:**
The product ""Netgear ProSafe™ 24 Port Gigabit Rackmount Switch with 2 SFP slots"" falls under the second-level category of ""Networking"" as it is a networking device used to connect multiple devices within a network. Within the third-level category pool, the most suitable category for this product is ""Network Switches"" since it specifically refers to a switch with multiple ports for connecting devices and includes 2 SFP slots for fiber optic connections, which are common features in network switches."
76,"Urban Factory TAB01UF tablet case 25.4 cm (10"") Sleeve case Pink",Urban Factory,Computers & Electronics>Computers>Tablet Cases,Computers & Electronics>Telecom & Navigation>Mobile Phone Cases,"Computers & Electronics>Telecom & Navigation>Mobile Phone Cases

Reasoning: The product ""Urban Factory TAB01UF tablet case 25.4 cm (10"") Sleeve case Pink"" is a protective case designed specifically for tablets, as indicated by the term ""tablet case."" Given that tablets fall under the category of mobile devices, the most suitable classification for this product is under ""Mobile Phone Cases"" within the ""Telecom & Navigation"" second-level category."
77,Trend Micro DXRA0563 warranty/support extension,Trend Micro,Computers & Electronics>Warranty & Support>Warranty & Support Extensions,Computers & Electronics>Warranty & Support>Warranty & Support Extensions,"Computers & Electronics>Warranty & Support>Warranty & Support Extensions

Reasoning: The product ""Trend Micro DXRA0563 warranty/support extension"" falls under the second-level category of ""Warranty & Support"" as it involves the extension of warranty/support services for a Trend Micro product. Within the ""Warranty & Support"" category, the specific type of service being offered is an extension, hence the third-level category is ""Warranty & Support Extensions."""
78,Eaton Ellipse 800 USBS uninterruptible power supply (UPS) 800 VA 520 W,Eaton,Computers & Electronics>Batteries & Power Supplies>Uninterruptible Power Supplies (UPSs),Computers & Electronics>Batteries & Power Supplies>Uninterruptible Power Supplies (UPSs),"Computers & Electronics>Batteries & Power Supplies>Uninterruptible Power Supplies (UPSs)

Reasoning: The product ""Eaton Ellipse 800 USBS uninterruptible power supply (UPS) 800 VA 520 W"" falls under the second-level category ""Batteries & Power Supplies"" as it is a power supply device. Within the third-level category options, the most suitable category for this product is ""Uninterruptible Power Supplies (UPSs)"" since the product is specifically described as a UPS, which is used to provide emergency power to a load when the input power source fails."
79,"HP Stream 14-ax000ur Blue Notebook 35.6 cm (14"") 1366 x 768 pixels Intel® Celeron® N3050 2 GB DDR3L-SDRAM 32 GB Flash",HP,Computers & Electronics>Computers>Notebooks,Computers & Electronics>Computers>Notebooks,"Computers & Electronics>Computers>Notebooks

Reasoning: The product ""HP Stream 14-ax000ur Blue Notebook"" clearly falls under the category of Computers. Within the Computers category, the specific type of device is a Notebook, as indicated in the product name. Therefore, the correct classification for this product is Computers & Electronics>Computers>Notebooks."
80,Casio XJ-A256 data projector 3000 ANSI lumens DLP WXGA (1280x800) Desktop projector White,Casio,Computers & Electronics>Projectors>Data Projectors,Computers & Electronics>Projectors>Data Projectors,"Computers & Electronics>Projectors>Data Projectors

Reasoning: The product ""Casio XJ-A256 data projector 3000 ANSI lumens DLP WXGA (1280x800) Desktop projector White"" is a data projector manufactured by Casio. Based on the provided description, the product falls under the category of Projectors at the second level. Within the Projectors category, the specific type of projector is a Data Projector, as indicated by its features such as 3000 ANSI lumens brightness, DLP technology, and WXGA resolution. Therefore, the appropriate classification for this product is Computers & Electronics>Projectors>Data Projectors."
81,Acer 55.LEP0J.033 flat panel spare part Mainboard,Acer,Computers & Electronics>TVs & Monitors>Flat Panel Spare Parts,Computers & Electronics>Computers>Flat Panel Spare Parts,"Computers & Electronics>Computers>Flat Panel Spare Parts

Reasoning: The provided product, ""Acer 55.LEP0J.033 flat panel spare part Mainboard,"" is a spare part specifically designed for flat panel displays. Given that the product is a spare part for a flat panel, it falls under the category of Computers at the second level. At the third level, the most appropriate category is Flat Panel Spare Parts, as it directly corresponds to the nature and purpose of the product."
82,2-Power ALT1993A power adapter/inverter Indoor 65 W Black,2-Power,Computers & Electronics>Batteries & Power Supplies>Power Adapters & Inverters,Computers & Electronics>Batteries & Power Supplies>Power Adapters & Inverters,"Computers & Electronics>Batteries & Power Supplies>Power Adapters & Inverters

Reasoning: The product ""2-Power ALT1993A power adapter/inverter Indoor 65 W Black"" falls under the second-level category ""Batteries & Power Supplies"" as it is a power adapter. Within the third-level category pool, the most suitable category for this product is ""Power Adapters & Inverters"" since it specifically describes the function and type of product being a power adapter/inverter."
83,C2G 5m 10G-CX4 Latching Cable networking cable Black,C2G,Computers & Electronics>Computer Cables>Networking Cables,Computers & Electronics>Computer Cables>Networking Cables,"Computers & Electronics>Computer Cables>Networking Cables

Reasoning: The product ""C2G 5m 10G-CX4 Latching Cable networking cable Black"" falls under the second-level category of ""Computer Cables"" as it is a networking cable used for connecting devices in a computer network. Within the third-level category pool, the most suitable category for this product is ""Networking Cables"" since it specifically refers to cables used for networking purposes, aligning perfectly with the product description."
84,HP 5year 4 hour 13x5 Color LaserJet M880 Multifunction printer Hardware Support,HP,Computers & Electronics>Warranty & Support>Warranty & Support Extensions,Computers & Electronics>Warranty & Support>Warranty & Support Extensions,"Computers & Electronics>Warranty & Support>Warranty & Support Extensions

Reasoning: The product ""HP 5year 4 hour 13x5 Color LaserJet M880 Multifunction printer Hardware Support"" falls under the category of warranty and support. Specifically, it pertains to an extended warranty and support extension for the HP Color LaserJet M880 Multifunction printer. Therefore, it fits best under the ""Warranty & Support Extensions"" category in the second-level pool and the third-level pool."
85,Urban Factory BDM09UF mouse USB Optical 800 DPI,Urban Factory,Computers & Electronics>Data Input Devices>Mice,Computers & Electronics>Data Input Devices>Mice,"The product ""Urban Factory BDM09UF mouse USB Optical 800 DPI"" falls under the category of Data Input Devices in the second-level category and specifically under Mice in the third-level category.

Therefore, the hierarchical path for this product is: Computers & Electronics>Data Input Devices>Mice"
86,APC 3446-3M power cable Black C13 coupler CEE7/7,APC,Computers & Electronics>Computer Cables>Power Cables,Computers & Electronics>Computer Cables>Power Cables,"Computers & Electronics>Computer Cables>Power Cables

Reasoning: The product ""APC 3446-3M power cable Black C13 coupler CEE7/7"" falls under the second-level category ""Computer Cables"" as it is a type of cable used to provide power to electronic devices like computers, monitors, and other peripherals. Within the third-level category options, the most suitable classification for this product is ""Power Cables"" since it specifically describes the function and purpose of the APC power cable."
87,"Area TPUSA2020C mobile phone case 12.9 cm (5.1"") Cover Transparent",Area,Computers & Electronics>Telecom & Navigation>Mobile Phone Cases,Computers & Electronics>Telecom & Navigation>Mobile Phone Cases,"Computers & Electronics>Telecom & Navigation>Mobile Phone Cases

Reasoning: The product ""Area TPUSA2020C mobile phone case 12.9 cm (5.1"") Cover Transparent"" clearly falls under the category of mobile phone accessories. Since the product is specifically a mobile phone case, it belongs to the ""Mobile Phone Cases"" category under the ""Telecom & Navigation"" second-level category."
88,Acer 55.L860B.006 flat panel spare part Mainboard,Acer,Computers & Electronics>TVs & Monitors>Flat Panel Spare Parts,Computers & Electronics>Computers>PCs/Workstations,"Computers & Electronics>Computers>PCs/Workstations

Reasoning: The product ""Acer 55.L860B.006 flat panel spare part Mainboard"" falls under the second-level category ""Computers"" as it is a component related to computer hardware. Within the third-level category options, ""PCs/Workstations"" is the most suitable classification for this product as it specifically refers to the main computing devices typically used in offices and homes, which aligns well with the nature of a mainboard component for a computer."
89,"Kaspersky Lab Mobile Security 7.0 Enterprisem, 10-14u, 3Y",Kaspersky Lab,Computers & Electronics>Software>Software Licenses/Upgrades,Computers & Electronics>Software>Antivirus Security Software,"Computers & Electronics>Software>Antivirus Security Software

**Reasoning:**
The product ""Kaspersky Lab Mobile Security 7.0 Enterprisem, 10-14u, 3Y"" falls under the category of software. More specifically, it is antivirus security software provided by Kaspersky Lab. This software is designed to protect mobile devices, such as smartphones and tablets, from various online threats. Therefore, the most appropriate classification for this product is under the second-level category ""Software"" and the third-level category ""Antivirus Security Software."""
90,Toshiba PA3844E-1ETW mouse IrDA Optical 1600 DPI,Toshiba,Computers & Electronics>Data Input Devices>Mice,Computers & Electronics>Data Input Devices>Mice,"Computers & Electronics>Data Input Devices>Mice

Reasoning: The product ""Toshiba PA3844E-1ETW mouse IrDA Optical 1600 DPI"" falls under the second-level category ""Data Input Devices"" as it is a peripheral used for inputting data into a computer. Within the ""Data Input Devices"" category, the specific third-level category ""Mice"" is the most appropriate classification for this product since it is a mouse designed for optical tracking with a DPI of 1600."
91,"Trend Micro NeatSuite Advanced, RNW, 17m, 501-750u, GOV, ENG Renewal English",Trend Micro,Computers & Electronics>Software>Software Licenses/Upgrades,Computers & Electronics>Software>Antivirus Security Software,"Computers & Electronics>Software>Antivirus Security Software

Reasoning: The product ""Trend Micro NeatSuite Advanced, RNW, 17m, 501-750u, GOV, ENG Renewal English"" belongs to the category of software. More specifically, it is an antivirus software product offered by Trend Micro. Therefore, the appropriate classification for this product is under the second-level category ""Software"" and the third-level category ""Antivirus Security Software."""
92,"Fujitsu ESPRIMO D556 6th gen Intel® Core™ i5 i5-6400 4 GB DDR4-SDRAM 500 GB Hybrid-HDD Black,Red Desktop PC",Fujitsu,Computers & Electronics>Computers>PCs/Workstations,Computers & Electronics>Computers>PCs/Workstations,"Computers & Electronics>Computers>PCs/Workstations

Reasoning: The product ""Fujitsu ESPRIMO D556 6th gen Intel® Core™ i5 i5-6400 4 GB DDR4-SDRAM 500 GB Hybrid-HDD Black,Red Desktop PC"" falls under the category of Computers. Within the Computers category, it specifically belongs to the PCs/Workstations subcategory since it is a desktop PC designed for office or professional use, featuring an Intel Core i5 processor, 4 GB RAM, and a 500 GB Hybrid-HDD."
93,Samsung Galaxy Tab A (2019) SM-T515N 64 GB 3G 4G Silver,Samsung,Computers & Electronics>Computers>Tablets,Computers & Electronics>Telecom & Navigation>Tablets,"Computers & Electronics>Telecom & Navigation>Tablets

Reasoning: The product ""Samsung Galaxy Tab A (2019) SM-T515N 64 GB 3G 4G Silver"" belongs under the category of Tablets. Since it is a Samsung Galaxy Tab A, it falls under the Telecom & Navigation category, specifically in the Tablets subcategory. Tablets are portable touchscreen devices that are commonly used for browsing the internet, watching videos, playing games, and running various applications."
94,"Tripp Lite USB-C (Type-C) to HDMI 4K Adapter, USB 3.1, Gen 1, Thunderbolt 3, 4K @ 60 Hz, M/F, White",Tripp Lite,Computers & Electronics>Computer Cables>Cable Interface/Gender Adapters,Computers & Electronics>Computer Cables>Cable Interface/Gender Adapters,"Computers & Electronics>Computer Cables>Cable Interface/Gender Adapters

**Reasoning:**
The product ""Tripp Lite USB-C (Type-C) to HDMI 4K Adapter, USB 3.1, Gen 1, Thunderbolt 3, 4K @ 60 Hz, M/F, White"" falls under the second-level category of ""Computer Cables"" as it is an adapter used to connect a USB-C port to an HDMI port. Within the ""Computer Cables"" category, the specific type of product is a ""Cable Interface/Gender Adapter"" since it facilitates the connection between different types of ports (USB-C to HDMI). This adapter is specifically designed to convert USB-C signals to HDMI signals, making it suitable for use with various devices such as laptops, desktop computers, or other electronic devices that support USB-C and HDMI connectivity."
95,Samsung EF-WN750BWEGWW mobile phone case Flip case White,Samsung,Computers & Electronics>Telecom & Navigation>Mobile Phone Cases,Computers & Electronics>Telecom & Navigation>Mobile Phone Cases,"Computers & Electronics>Telecom & Navigation>Mobile Phone Cases

Reasoning: The product in question is a mobile phone case specifically designed for a Samsung phone. Given that it is a protective case for a mobile phone, it falls under the ""Mobile Phone Cases"" category, which is a third-level category under the second-level category ""Telecom & Navigation."" This classification is based on the product's intended use and features, as it is explicitly mentioned as a mobile phone case for a Samsung device."
96,ACT SB0021 cable interface/gender adapter USB type C Mini DisplayPort White,ACT,Computers & Electronics>Computer Cables>Cable Interface/Gender Adapters,Computers & Electronics>Computer Cables>Cable Interface/Gender Adapters,Computers & Electronics>Computer Cables>Cable Interface/Gender Adapters
97,"Fujitsu Bump Case 25.6 cm (10.1"") Briefcase Black",Fujitsu,Computers & Electronics>Computers>Tablet Cases,Computers & Electronics>Computers>PCs/Workstations,"Computers & Electronics>Computers>PCs/Workstations

The product ""Fujitsu Bump Case 25.6 cm (10.1"") Briefcase Black"" is a briefcase designed to carry a 25.6 cm (10.1"") device. Given that it is a briefcase specifically for a device, it falls under the category of Computers in the second-level pool. Within the Computers category, the specific third-level category that best fits this product is PCs/Workstations, as it is related to protecting and transporting a computing device like a workstation or a PC."
98,"Samsung Galaxy Note9 SM-N960F 16.3 cm (6.4"") 8 GB 512 GB Dual SIM Brown,Copper 4000 mAh",Samsung,Computers & Electronics>Telecom & Navigation>Smartphones,Computers & Electronics>Telecom & Navigation>Smartphones,"Computers & Electronics>Telecom & Navigation>Smartphones

Reasoning: The product ""Samsung Galaxy Note9 SM-N960F 16.3 cm (6.4"") 8 GB 512 GB Dual SIM Brown, Copper 4000 mAh"" belongs in the second-level category ""Telecom & Navigation"" as it is a smartphone manufactured by Samsung. Within the third-level category pool, the most appropriate category for this product is ""Smartphones"" since the Samsung Galaxy Note9 is a smartphone model."
99,ACT FB6620 networking cable 20 m Blue,ACT,Computers & Electronics>Computer Cables>Networking Cables,Computers & Electronics>Networking>Networking Cables,"Computers & Electronics>Networking>Networking Cables

Reasoning: The product ""ACT FB6620 networking cable 20 m Blue"" falls under the second-level category ""Networking"" as it is specifically designed for networking purposes. Within the ""Networking"" category, the most appropriate third-level category for this product is ""Networking Cables"" since the product is a networking cable used for establishing connections between devices over a network."
